accuracy,bal_accuracy,macro_f1,weighted_f1
0.9445770036321217,0.9190461209685356,0.8633498463031,0.9484066726688687
0.9437993230644149,0.9166624748817689,0.8592648277812145,0.9476878601467285
0.9450763099057062,0.914510813276179,0.859273892718967,0.9487638263654006
0.9449481693576182,0.9180138987901927,0.8630374557457224,0.9487262839067706
0.9445151426778723,0.9164837460572653,0.8607364566829759,0.9482410912707427
0.9455358484229875,0.9168713002975407,0.8614078652548516,0.9493331949354077
0.9443693275714273,0.9149292502959464,0.8611622214339683,0.9480473010901994
0.9444974681195154,0.9198710150287871,0.8650475971024429,0.9482861547163555
0.9454916620270951,0.9172753958175902,0.8643957287570976,0.9490679400793931
0.9442500243025177,0.9189951759169269,0.8633613532550951,0.9481051092722009
0.9444709562819799,0.9180984860412378,0.8619711714872257,0.9482499372800323
0.9455049179458628,0.9190475032715957,0.8634739388014451,0.9491457402959845
0.943874439937432,0.9151274369178611,0.8602098339592471,0.9476439632985638
0.9441572328711436,0.9142304931594382,0.8606008003128423,0.9479930900832619
0.9448288660887086,0.916310840022845,0.8627146553730262,0.9485294858685128
0.9451735199766695,0.9184068405643566,0.8625838538891175,0.9488849192475838
0.9446432832259604,0.9179330684671817,0.8641731788659122,0.9482303817064001
0.9445902595508895,0.9160918180979111,0.8631128603468029,0.9483311774339666
0.9437286248309871,0.9173796649838304,0.86137309507737,0.9476060477747247
0.9447007255406206,0.9201515565472425,0.8648296767078947,0.9484903891385099
0.9437993230644149,0.9154144187356906,0.86165133744005,0.9475327773961424
0.9453060791643468,0.9193950706752527,0.865085793371775,0.948901513894815
0.9451204963015987,0.9220577166149162,0.8661622583475855,0.9488556062705704
0.9446079341092465,0.9172111289962033,0.8641030259330662,0.9484016680081071
0.944709562819799,0.9152153139589629,0.8592578148102313,0.9484740633889138
0.9447493305761022,0.9125283622600753,0.8600510198413958,0.9485422964568241
0.9437374621101655,0.9150306185671598,0.8585782238345009,0.9475728786615242
0.9445239799570508,0.9138979479823847,0.8587324219932709,0.9482304185117
0.9434149014201507,0.9116488098313887,0.85778231981249,0.9473160439435039
0.9442853734192317,0.9155548653846658,0.8578755011081185,0.9481230005315958
0.9450321235098138,0.9122461084248202,0.8590859830741681,0.9487164613817339
0.9445770036321217,0.9191713628158514,0.8621701353738728,0.9483233622621005
0.9445018867591046,0.9173148423587468,0.8620988277281515,0.948228779661293
0.9443030479775887,0.9207871556788122,0.8649765773410591,0.9481360186122619
0.9445814222717109,0.9166996573425424,0.8617034981737127,0.948394796554171
0.9440821159981265,0.9160780953282596,0.8605785139628918,0.9479416466114791
0.9447935169719947,0.9193606982777978,0.8616108029680525,0.9485357730795546
0.944563747713354,0.9136447217755614,0.8606438992232202,0.9483569208566702
0.9440688600793588,0.9157542999176317,0.8587200694719158,0.947853632540386
0.9448288660887086,0.9165112331549271,0.8598464722512312,0.9485127062347235
0.9449393320784397,0.9164655824590706,0.857422591007647,0.9486481821669085
0.9451867758954373,0.9191916618482674,0.864427819393032,0.9488301013205808
0.9448421220074763,0.915662091123213,0.8615395348545769,0.9485937456238184
0.9438258349019504,0.919096270885265,0.8608231389122132,0.9477437811493904
0.9450056116722784,0.9151107138126255,0.8597793329549569,0.9486219282019118
0.9439716500083954,0.9146625406817687,0.8605656952605776,0.9477850270508714
0.9441749074295006,0.9157920194155797,0.8564602587757236,0.9480566082731848
0.9438346721811288,0.9134036199341417,0.8584863379324844,0.9475943288343811
0.9444400258048552,0.9181341005622938,0.8607654121030867,0.9482505338569189
0.9449216575200827,0.9129226985616857,0.8598828831284739,0.9485396945047532
0.9439804872875739,0.9156493196184347,0.8641485383077817,0.9477152293031936
0.9452397995705082,0.9198551675530486,0.8655054368907761,0.9488772690553353
0.9451956131746158,0.9178764250540674,0.864600978198732,0.9489260489938147
0.9438965331353782,0.9185210410296659,0.8627230880856268,0.9477366445665513
0.9439053704145568,0.9159578993973795,0.8607871153283597,0.947777838236264
0.9442588615816963,0.9145364111936868,0.8593965103558941,0.9480855757558617
0.9441749074295006,0.920144999932935,0.8644618039513489,0.9479408674603103
0.9439318822520922,0.9166462821926775,0.85810378166111,0.9477543294628618
0.9445239799570508,0.9200687056946463,0.8658774380395574,0.9482588182211937
0.9438656026582536,0.9127584630384007,0.8570108905266671,0.9476417482816888
0.9441660701503222,0.9167440921666744,0.8599561128667476,0.948058610748132
0.9446565391447281,0.9169591261472023,0.8617747532217411,0.9484260368250694
0.9447714237740484,0.9170297761883645,0.86240418953959,0.9484682875016635
0.9442235124649823,0.9171564607524761,0.8593980092941905,0.9479805707946846
0.9453370096414716,0.9185718326455221,0.862598488886812,0.9489568310459884
0.9447051441802098,0.9173508174341796,0.8594650662825922,0.9485412890318711
0.9444135139673198,0.914882098354303,0.8599217942001772,0.9481213902696083
0.9441749074295006,0.9183623287460644,0.8619741955008505,0.9480120267095771
0.944453281723623,0.9124781348641557,0.8601159916898072,0.9482046017433093
0.9446521205051389,0.9150711034341964,0.8621004421227821,0.9483836683099154
0.9444930494799261,0.9158248537358723,0.8614677253778406,0.9482471828061949
0.9445681663529433,0.9202344360084974,0.8666220759161183,0.9482820426549607
0.9449967743930998,0.9154000709920097,0.8618296507561591,0.948594847723033
0.9454209637936672,0.9207961227623965,0.8627846052488776,0.949190805295073
0.9451602640579019,0.9180605149790518,0.8620945445243403,0.948814607399985
0.9446830509822636,0.9149041879705309,0.8610265768591975,0.948438583556308
0.9439495568104492,0.9166478092715893,0.8609905317471311,0.9478454390798887
0.945217706372562,0.9168298057032253,0.8619490830675997,0.9488453539347401
0.9444886308403369,0.9147608070193851,0.8568456213148374,0.9481981414079371
0.9442323497441608,0.9148726203862498,0.860722985517956,0.9480570728766685
0.9432602490345272,0.9150367328750086,0.8571728686805579,0.9471093751112007
0.9450144489514568,0.9205329803327045,0.8632440021555939,0.9486468846396832
0.9448421220074763,0.9156622245452094,0.8613231912073663,0.9485446361120329
0.9448156101699409,0.9174483937764989,0.86119775304567,0.9485026150389063
0.9449658439159752,0.9178644139162488,0.8633282343103256,0.9486926866153449
0.9443118852567671,0.9152894281391676,0.8603745045027901,0.9480941578658848
0.9441130464752512,0.9186249671188526,0.8622772941618154,0.9479492748014355
0.9452839859664006,0.9143281802798778,0.8619270361862208,0.9490215646105098
0.9440158364042879,0.9109652770212501,0.8565738790294889,0.9477219282041006
0.9443693275714273,0.9132097413361523,0.859231129373202,0.9482177434710313
0.945398870595721,0.9194688971660122,0.8666019188179683,0.9490751663254074
0.9438700212978428,0.9151355276748018,0.8582622895570646,0.947692872439364
0.9441218837544297,0.9166451439078455,0.862227407123698,0.9479990093990174
0.9448200288095301,0.9176264905548298,0.8613275254851394,0.9484947285787624
0.9435518792474173,0.9159766248360832,0.8595707569401575,0.9473760385534322
0.9443030479775887,0.9143657971791531,0.8600770382331443,0.948146575584471
0.9443207225359457,0.9151823658816632,0.8596023834613727,0.9481287989159697
0.9443339784547133,0.9167629905642208,0.8620293022917888,0.9481606249342609
0.9434369946180969,0.9149657887753985,0.8576223436797564,0.9473630961618734
0.94505421670776,0.9215590209849385,0.8639368910507833,0.948723332747169
0.9438081603435934,0.9144973786540987,0.8599740169339964,0.9476548272139411
0.944453281723623,0.915063082820458,0.8590223587512981,0.9483044328868778
0.9441218837544297,0.915959417319964,0.8598880591896462,0.9478838487646124
0.9447670051344592,0.9144755976633313,0.8588064618675538,0.948527729118054
0.9444621190028014,0.9168807403280005,0.860995967909001,0.9481783296507705
0.9441970006274468,0.9182372501838497,0.8589539447652823,0.9480174015157135
0.9437242061913977,0.913227590119499,0.8585844235484156,0.9476234532111261
0.9444267698860874,0.9170273456560597,0.8622619073661021,0.9480976453387162
0.9442632802212855,0.9151835775977898,0.8584653100111762,0.9482083596286343
0.9440953719168942,0.9156130055436202,0.8606927186867825,0.9478492805771616
0.9449039829617257,0.917060894727147,0.8651821668907171,0.9485921265915624
0.9445504917945863,0.9193017242768436,0.8635414470693589,0.9482610856885267
0.9447493305761022,0.9197173371090516,0.8623568715744198,0.9484621447827473
0.9449216575200827,0.9208133342410764,0.8653780662706243,0.9486986854891524
0.9446874696218528,0.9187800760844086,0.8646342960025689,0.9483962316261718
0.9445372358758185,0.915063926501319,0.8622786206705217,0.9483123685105871
0.9451911945350265,0.9204954942453056,0.8652195207627355,0.9488869465684093
0.9444930494799261,0.9212689037556856,0.8619057814915665,0.9484405730348657
0.9445946781904787,0.918015349954589,0.8647203487503317,0.948302920570844
0.9446742137030851,0.919202070162405,0.8629706390184559,0.9484678080925623
0.944727237378156,0.9157667415455084,0.8610670787458458,0.9483923847089302
0.944090953277305,0.9157086354038634,0.8635700367962175,0.9479006688590609
0.9447228187385668,0.9172831807192131,0.8616481019282728,0.9483770450420315
0.9446963069010313,0.9147214568812995,0.8624971619876749,0.9483022752777118
0.9445770036321217,0.9180627595830391,0.8629707997905885,0.9482635150621173
0.9448156101699409,0.9152099516750878,0.8611266922713142,0.9485397714829575
0.945018867591046,0.9139937497695786,0.8589691848250501,0.9487173278315366
0.9437993230644149,0.9148030605307514,0.8604176063327851,0.9476796817608049
0.9446830509822636,0.9193810912596941,0.8633951252706392,0.9483546584423943
0.9443649089318381,0.9129182789756654,0.8582144866855332,0.9481351841032776
0.9446300273071927,0.9111063358621763,0.8615113708121849,0.9483145999413647
0.944143976952376,0.9165472461922681,0.8636056070013681,0.9479136617527832
0.9441970006274468,0.9192325920071905,0.8633269087918595,0.947909286692752
0.9444665376423906,0.9133076833996491,0.8594044694697552,0.9482256425638862
0.9448642152054225,0.9156155449130203,0.8594519052979306,0.9485064165472475
0.9440688600793588,0.9160694786215373,0.8638801991057699,0.947779088103422
0.9445858409113003,0.915127882612553,0.8609383392042128,0.9482401031208351
0.943874439937432,0.9202314880371286,0.8656832036657534,0.9475887790134657
0.945071891266117,0.9197618232518402,0.8641762362456534,0.9487529998101623
0.9440423482418233,0.9143150341163704,0.8606955890344716,0.9478443825195823
0.9445858409113003,0.9175785330731909,0.8605692412138177,0.9483525263358363
0.9443295598151241,0.9172910850356085,0.8621985171474188,0.948157392974736
0.9448509592866549,0.9161109617669377,0.8617181807422087,0.9485525268320729
0.9449128202409043,0.9167350002339371,0.8619794222212676,0.9486146079443086
0.9453856146769533,0.9156741435306477,0.8619889964353017,0.9490721766549768
0.9449039829617257,0.9134069562725893,0.858179642913291,0.9487350257470658
0.943874439937432,0.9155873169304679,0.8607221138811109,0.9476356392236269
0.9445681663529433,0.9190529415273858,0.8641590461597366,0.9484108857754653
0.9443118852567671,0.9159615611856317,0.8578877385051851,0.9480773786131504
0.9442809547796425,0.9159027424735411,0.8619701980660264,0.9481134854996577
0.94476258649487,0.9152857965273651,0.864606676609647,0.948345552322304
0.9443958394089628,0.9172724412356531,0.8608929780939787,0.948091151200302
0.9433751336638476,0.9143400971520839,0.8588260887007083,0.9473820773551425
0.9441793260690898,0.9177765431234501,0.8603949299544257,0.9480524826722804
0.945381196037364,0.9143425490087943,0.8601993126764064,0.9490218583803994
0.9441042091960727,0.9178473470504909,0.8603329235217544,0.9480636205544813
0.9437418807497547,0.9185458136892176,0.8589502625043481,0.947626187334447
0.9446300273071927,0.9164894868179344,0.86223596176651,0.9483805885023056
0.944435607165266,0.9184221181512783,0.8614024911022629,0.9481248488424671
0.9445990968300679,0.9150228075252601,0.8605185025500385,0.9483831719058864
0.9450011930326891,0.9173938245491652,0.8644357480512547,0.9486278457334064
0.9444886308403369,0.9179124043579993,0.864847047225921,0.9482490224887145
0.9447139814593882,0.9158291075217395,0.861019901186709,0.948484532870929
0.9440644414397695,0.9158442163526946,0.8628212736579475,0.9478766181630982
0.9438346721811288,0.9133273859311005,0.8601876617917019,0.9474983933711225
0.9445107240382831,0.9170342426989894,0.8614068603418588,0.9482828168657572
0.9454960806666843,0.9176267383740565,0.8643773911881593,0.94920937467821
0.9440158364042879,0.9176650296478949,0.8634075541259764,0.9478816293984459
0.9446167713884249,0.916214545513205,0.8613929938685708,0.9482983508520266
0.9433530404659014,0.9159017320136317,0.8602787898597424,0.9472696054572136
0.9446697950634958,0.9196629478799331,0.8624110624403853,0.9484104206970531
0.9445814222717109,0.9195598624044433,0.8636280655835566,0.9483368466963705
0.9447670051344592,0.9167352271881054,0.85858303736217,0.9486353129431683
0.9438479280998966,0.9184257328916899,0.8573518739503063,0.9477872441485671
0.9446167713884249,0.9170093880629645,0.8600692511634455,0.948319312504054
0.9440997905564835,0.9163541778861365,0.8600949343969926,0.9478236502464317
0.9448377033678871,0.9120480469084766,0.8571693759908904,0.9484907689710693
0.942946525623691,0.9135889082235306,0.856283040483244,0.946995015874637
0.9443560716526596,0.9125532613379538,0.8576301179644049,0.9481156370844731
0.9443914207693735,0.9161151767952889,0.8616417037104768,0.9481480391910907
0.9451514267787233,0.9140257728685489,0.8604555547746998,0.948768300874386
0.9443472343734811,0.9151536147823437,0.8623220814689425,0.9480425989968201
0.9450939844640632,0.9194061556668144,0.864031661027815,0.9489109754012875
0.9454563129103811,0.920161153193001,0.8651808460200735,0.9490998436086295
0.9449128202409043,0.9183653277762858,0.8642217801759905,0.9486422107678325
0.943892114495789,0.918568327659669,0.8620928905250115,0.9477915460455395
0.9434679250952217,0.9142140244746032,0.8563160902713595,0.9473038443576586
0.9449790998347429,0.9168360478207742,0.8647667525643313,0.9487062765460988
0.9450984031036525,0.9174796465634892,0.8656554834473217,0.9486783093706844
0.9443163038963563,0.9122372426955204,0.8615737589776737,0.9480580606690051
0.9447758424136377,0.9181313184905174,0.8610513571017425,0.9483904838846592
0.9447890983324054,0.9191420342846753,0.8623056120512901,0.9485195577435888
0.945036542149403,0.9189001326471871,0.8658571764973716,0.9487956101766436
0.9441660701503222,0.9180325564655633,0.8599770679437493,0.9479543794242744
0.9454474756312027,0.9181992671149254,0.863469605741062,0.9491063356951317
0.9447758424136377,0.9172348907259416,0.8613483738962652,0.9485789230021183
0.9455137552250413,0.9165450112002514,0.863158724913584,0.9491777455974446
0.9446344459467819,0.9153958551946458,0.8624462579832751,0.9482720701555909
0.9442588615816963,0.9143276916626908,0.8634331877708606,0.9481076808736318
0.9448730524846011,0.9160581729074707,0.860566935962383,0.9485728885399008
0.9447979356115839,0.9173863036620425,0.8620360328551413,0.9486058424693421
0.9443030479775887,0.9180417543854655,0.8617198916620458,0.9481672511089563
0.9447935169719947,0.9123710795081488,0.8580597425240427,0.9484871889135815
0.9449172388804935,0.9179190666073301,0.8642624128462265,0.9485993439003809
0.9437418807497547,0.9155881836980904,0.8558001305908061,0.9475430861036132
0.9446963069010313,0.9180057121225514,0.8617663024683326,0.9483911840690536
0.9441749074295006,0.9148074556165051,0.8582343106859662,0.9479851184980547
0.9456816635294325,0.9175375358128789,0.8642239139806414,0.9493343136614252
0.9451160776620094,0.9186624722948741,0.8655220431536678,0.9488949043775454
0.9440511855210018,0.9164494664248346,0.8610093224701924,0.9479322649148733
0.9444135139673198,0.9171354531185785,0.863214246354623,0.9481326049590625
0.9450409607889922,0.9131476738941389,0.8601436279607197,0.9487447771179086
0.9447139814593882,0.9198858402630746,0.8622914148007234,0.9484755034387362
0.9449879371139214,0.9157615190542641,0.8605768600549057,0.9487532179163398
0.9441528142315544,0.9163765998382102,0.8624743338548153,0.9479374604359093
0.9445328172362293,0.9171103169664271,0.8629634840329367,0.94831082252601
0.9442765361400532,0.9199069554214342,0.8653836231500167,0.9481358481633942
0.9451867758954373,0.9174583937593492,0.861807258914691,0.9489353648561166
0.9449614252763859,0.9189357895396009,0.8627977080248341,0.9488798468529007
0.9446521205051389,0.9158216582446006,0.8598269718057866,0.9482862329432613
0.9445328172362293,0.9202407152406723,0.8634094293670947,0.9483744124635758
0.9443339784547133,0.9186808383280668,0.8622881781499917,0.9481464334823921
0.9440997905564835,0.9165177554880283,0.8592377790012834,0.9480112983202019
0.9450586353473492,0.9159032266319234,0.8615650365027745,0.948789981183522
0.9440821159981265,0.9179014208970546,0.8607948691281806,0.947968892994311
0.944709562819799,0.9189716888799108,0.8632463205578124,0.9484077223428236
0.9444930494799261,0.9204973408564644,0.866329014972299,0.948302534881696
0.9449570066367967,0.9166317574294072,0.8623972709908,0.9486560321922
0.943909789054146,0.9212209033093791,0.8636197139367023,0.9477929912573151
0.945270730047633,0.9182676206822399,0.860805399270013,0.9489702974400922
0.9446963069010313,0.9177189549208835,0.8610268164875794,0.9484519495792813
0.944453281723623,0.9125112622303645,0.857021817469926,0.9483222507212969
0.9433442031867229,0.9161489949076375,0.8606153543941162,0.9471401176156907
0.9444974681195154,0.9171876927648229,0.8620039045724556,0.9483689557882394
0.9446963069010313,0.9187637017242319,0.860413741394286,0.9485306452638019
0.9438965331353782,0.9166157086918213,0.8625364016350766,0.9476873180397307
0.9445239799570508,0.9147137739180456,0.8619801679613988,0.9482028412160959
0.9439539754500385,0.9143246322398648,0.8583263121076586,0.9477622411758291
0.944126302394019,0.9193172247872308,0.8636561271699895,0.9477577519707386
0.9441351396731974,0.9164974799628058,0.8602111241153795,0.9478830728767645
0.9443163038963563,0.9151310080274427,0.8595878979260406,0.9481460264757865
0.9443604902922488,0.9161850836695304,0.8608720020710369,0.9481736891251586
0.9439672313688062,0.913068085704877,0.8573078293957191,0.9477055621179187
0.9444577003632122,0.9158895267026425,0.8598498139467425,0.9482277458431486
0.9459423632651979,0.9183647474020716,0.8626730291137015,0.9494814696055585
0.9441307210336082,0.9147417440414227,0.8623198355948319,0.9479300391081117
0.9447890983324054,0.9178673814875253,0.8610640494750657,0.9485803298593103
0.9447051441802098,0.9129710339711989,0.8584322512091529,0.9484731795882765
0.9440997905564835,0.9165603754427257,0.8624537481521284,0.9479630147566506
0.94505421670776,0.9179385986268923,0.8624950199963977,0.948816256287811
0.9450277048702246,0.9150726039403023,0.8594220463115697,0.9487007693456759
0.9452663114080437,0.9160637099279929,0.8613994472002379,0.948943606126328
0.9451116590224202,0.9197470412749263,0.8632026985001975,0.9488095649052217
0.9444621190028014,0.9117741874879498,0.8546631941975921,0.9482807502011966
0.9441572328711436,0.9163789013980957,0.8583355024127827,0.947997284161448
0.9444223512464982,0.9147022816949336,0.8588223182630722,0.9482277758471053
0.944201419267036,0.9139211477037994,0.8588964474895818,0.9480381548106692
0.9440600228001803,0.919421518045172,0.8627644481389618,0.9479100290541217
0.9448200288095301,0.9208135023163277,0.8635290364518395,0.9485915758936428
0.9436623452371484,0.9127164524307391,0.8572113597813343,0.9475071634906119
0.9443516530130703,0.9158266401922521,0.8591480625647264,0.9481970902526589
0.9440114177646987,0.9162933755078208,0.8608703966020601,0.947886830949209
0.9448067728907624,0.9160918718544252,0.856982162222905,0.9485976384986714
0.945036542149403,0.9198460292643602,0.8623119476512962,0.9487649541244525
0.9448067728907624,0.9179160128669127,0.8599082543025373,0.9485316642337891
0.9447670051344592,0.9168495978325054,0.8606578190064241,0.9485274828766997
0.9435253674098818,0.9124600333562131,0.8567790316296016,0.9474117652777988
0.9448951456825473,0.9167044477799814,0.8599305729709116,0.948739682697572
0.9450586353473492,0.9171793098672153,0.8591172829160901,0.9486774617172113
0.9449702625555644,0.9180425937547503,0.8636123637789028,0.9486235944123635
0.9448774711241903,0.918048903867291,0.8632970716542355,0.9485151865990259
0.9454165451540779,0.9208317122565334,0.8646732264235572,0.949242216291625
0.9446432832259604,0.9140395658726527,0.8575045773581241,0.9485294760811689
0.9451072403828309,0.9200695964346352,0.864019318898485,0.9488307107601107
0.9443737462110166,0.9168725563601815,0.8597630788579625,0.9481840996805885
0.9440246736834663,0.9157142351372466,0.8593200380374704,0.9477422993813137
0.9449128202409043,0.9190232722730828,0.8641798633318157,0.9487615326658113
0.9452972418851684,0.9185575368535183,0.8648302074689388,0.9489940098733562
0.9443030479775887,0.9174305851628418,0.862657201619802,0.9481950846015125
0.9454563129103811,0.9227915360368325,0.8677564066022248,0.9490662745284204
0.9441351396731974,0.9119410477105623,0.85806771733263,0.9479120861100575
0.944382583490195,0.9150455912932556,0.860060262542455,0.948248848251953
0.9440290923230555,0.9168883467999475,0.8619494241221359,0.9477185508167317
0.9447007255406206,0.9187520999964732,0.8623939065235985,0.9485550532224016
0.9445239799570508,0.9166652310303716,0.8607056253729055,0.9483221832202708
0.9450321235098138,0.9154572000112082,0.8589304910553592,0.9488141875160049
0.9444842122007476,0.9159088371843637,0.8585765363568351,0.9483571953143988
0.9448111915303516,0.9189553868971562,0.86254540774618,0.9484837518990018
0.9440776973585373,0.9162339205587964,0.8583675111803116,0.9478130315517274
0.9439804872875739,0.9188433475567326,0.8634901414530034,0.947831401127516
0.9445681663529433,0.915939545600493,0.8615035152869793,0.9483705829556416
0.9447846796928162,0.9150467188405552,0.8593006277620762,0.9486145873196933
0.944563747713354,0.9169122518093221,0.8611665439162103,0.9482689032723626
0.9445328172362293,0.9222361163283959,0.8667035707239067,0.9483573549938371
0.9440290923230555,0.9171757732740933,0.8590114418731281,0.947839926979541
0.9449481693576182,0.9152376986388892,0.8598263361252517,0.9486060269572646
0.9444842122007476,0.9199813574178591,0.8637241698441059,0.9482346375381594
0.9448951456825473,0.9144795577029745,0.8591295600841683,0.9486282613022038
0.9443428157338919,0.9150832568117825,0.860475812295142,0.9481863325896343
0.9444223512464982,0.9159486826153304,0.860814083930506,0.9483997753331455
0.9446300273071927,0.9173611130656972,0.8646474055751053,0.9485022149138841
0.9451691013370803,0.9187795466409237,0.8632437021354687,0.9487607480059624
0.9448288660887086,0.9180596467204253,0.8600589710375173,0.9486158800274486
0.9452795673268114,0.9182455753399811,0.866489551617507,0.9489001968545524
0.9446344459467819,0.9147472021501132,0.860972733764478,0.94834205269507
0.9441174651148404,0.9123334294204221,0.859871072794207,0.9478242589475468
0.9445107240382831,0.9200766677845126,0.8638901880926504,0.9484074951180486
0.9440556041605911,0.9150882146080599,0.8644184415935463,0.9478713516881994
0.9450409607889922,0.9168056876076535,0.861879230721317,0.9488416589514858
0.9450674726265278,0.9210021741574443,0.8659573634600044,0.9487246152268816
0.9437286248309871,0.9140047826662807,0.8589840868848297,0.9476306737504142
0.9451911945350265,0.9159872383118083,0.8612666683648099,0.9489349933220456
0.9451293335807771,0.9157026445705883,0.8629746314106169,0.9487434777308802
0.9445593290737647,0.9172453168315603,0.8614135544935779,0.9482934434540237
0.9443604902922488,0.9178599831419632,0.8618762527011773,0.948237578823886
0.9446211900280141,0.9161429260494549,0.861039913347922,0.9483556433682215
0.9446123527488357,0.9205222633752569,0.8620708715954415,0.9483750775259038
0.9444886308403369,0.9137817805603344,0.8615204877141658,0.9482114868985255
0.9441483955919652,0.9152444723814848,0.8624958128522736,0.9479159770488426
0.9452751486872222,0.9217110887794442,0.8660062344128223,0.9489494483762093
0.9443958394089628,0.9159725687057432,0.858915678314685,0.9482688494926376
0.9451779386162589,0.9160972914613671,0.8625285182549175,0.9488311121125681
0.9445681663529433,0.9145451374544568,0.8569540087956107,0.9483138785988389
0.9449614252763859,0.9168773793316534,0.8627537472936284,0.9487343236661732
0.9451558454183127,0.918705139969959,0.8626344451285121,0.9488589719039324
0.943909789054146,0.9180613089271,0.8637695230912099,0.9477459322441594
0.9446344459467819,0.9175969082937684,0.8606615845379146,0.9483803066644588
0.9452000318142051,0.9172288447469022,0.8640240555022124,0.9489290691562915
0.9444090953277305,0.917785791446585,0.8628516159002012,0.948233746022074
0.943565135166185,0.9149441903582526,0.8589779350372986,0.9473314566868105
0.9445018867591046,0.9168891259756741,0.8601569149514761,0.9483332084420623
0.9440865346377157,0.9197215112093037,0.8630493341354823,0.9478832173272439
0.9445416545154078,0.9159440288149459,0.8616568552410888,0.9484165767296693
0.9455049179458628,0.914107453936305,0.8575541426445963,0.9490994174841444
0.944691888261442,0.9157787759826684,0.8609395124892989,0.9483584654665123
0.9446521205051389,0.9189541701339075,0.8636692578534192,0.9483514907296876
0.9451470081391341,0.9186590230598897,0.8612249765027393,0.9488326258150678
0.9446786323426744,0.9174710402341866,0.8625590322777948,0.9485620752267123
0.9439495568104492,0.9153953436444133,0.8617214837195225,0.947806987097689
0.9450144489514568,0.9162176976020031,0.8625038459234871,0.9485899493312477
0.9439142076937352,0.912625007597537,0.8599507210583666,0.9477619300220756
0.9441395583127866,0.9154019156069968,0.8624574501246498,0.9477528762452542
0.9443560716526596,0.9180551101572466,0.8651410035793233,0.9481123009668498
0.944908401601315,0.9170186257625222,0.8627338559229569,0.9486274639018684
0.9448686338450119,0.9177748677029711,0.8653224367904679,0.9485471795579915
0.94423676838375,0.9160026221363651,0.8609349570387449,0.9480587901755325
0.9453104978039362,0.9197422119813174,0.8634736667335569,0.949050829288463
0.94534584692065,0.9197806767511028,0.863448011085274,0.9490753953842287
0.9441174651148404,0.9161446612420677,0.8605471856740079,0.9480627796946178
0.9450100303118676,0.9179089453425269,0.8624622557498409,0.9487463669501633
0.9451381708599557,0.9151416559957118,0.8585815495940586,0.948889413612997
0.944219093825393,0.9147831186300063,0.8603081887824583,0.9481029056669884
0.9453414282810608,0.9147911577876953,0.8600471917754767,0.9489357078850643
0.9448465406470656,0.9196621637955006,0.8627097832316115,0.948596640849775
0.9446123527488357,0.9194117018638327,0.8611935622253499,0.9484287856856161
0.9445460731549971,0.9189962768067049,0.8627943837905248,0.9483399416131557
0.944435607165266,0.9187857662861232,0.8609436216097119,0.9481921558118446
0.9450586353473492,0.9210188730714426,0.8642566577952685,0.9488391598482611
0.9450674726265278,0.9176529136274085,0.8633647860233443,0.9487425575282694
0.944143976952376,0.9160933048347034,0.8605154256692089,0.9479253466864571
0.9446256086676034,0.9149419139070502,0.8620224676994882,0.9484384789826272
0.9449879371139214,0.9157184714939997,0.861201538501409,0.9485498970634078
0.9431762948823317,0.9127402530644894,0.8567766469501841,0.9470857280145645
0.9448907270429581,0.9176006298721323,0.8630544682451379,0.9486023640266185
0.9443781648506058,0.9157352185961295,0.8612025988101728,0.9480626606546775
0.9444842122007476,0.9165040277072448,0.8601190018367204,0.9482379564065397
0.9453679401185963,0.918667459153023,0.866871289725818,0.9490012958436675
0.9450807285452955,0.9161781073981335,0.8594959509258491,0.9489186899352323
0.9449039829617257,0.9186812104434159,0.8636238678100495,0.9486378249376967
0.9444621190028014,0.918459096997265,0.8641970131477384,0.9482682573234532
0.9441528142315544,0.913179735690995,0.8599695554749137,0.9478594685783723
0.9447360746573344,0.9175768176135453,0.8616703593691605,0.9485173427114192
0.9445902595508895,0.9189082097904083,0.8660528083479588,0.9484066135208515
0.9446388645863711,0.9182370692573999,0.8619332246454644,0.9483202569445971
0.945217706372562,0.9185454694115808,0.8634262602870538,0.9488708906736059
0.9437330434705763,0.9125020932826838,0.8601063477860383,0.9474429900770422
0.9444046766881412,0.9174008213229543,0.8626293520583682,0.948258218117014
0.9436579265975591,0.9163907067449327,0.8609074373498975,0.9475336362935988
0.943909789054146,0.9178387963088526,0.8619249599309127,0.9477505405425543
0.9448465406470656,0.9172361057127364,0.8594266896444179,0.948452804890986
0.9442676988608747,0.9178790820472267,0.8608405463406402,0.9480358684798137
0.944183744708679,0.917592029174731,0.8609511084879083,0.947925498931901
0.9443383970943026,0.9177913460789167,0.8606684926408273,0.9482064466813902
0.9438700212978428,0.9174252323131585,0.8622811535097467,0.9477567842540767
0.9443870021297843,0.9159043850989609,0.8629225274749064,0.947996218041879
0.9448730524846011,0.9168018806796988,0.8630098513184538,0.9485433144289539
0.944453281723623,0.9128367062116512,0.8579931570246861,0.9482149483695027
0.9445593290737647,0.9133900504255269,0.8610911039282648,0.9481722236305397
0.944744911936513,0.9185883966823615,0.8647437834133286,0.9483384348911561
0.9438302535415396,0.9166044490886774,0.8608477629226067,0.947688024025813
0.9435386233286496,0.9178101395093198,0.8609786465951265,0.947433886745681
0.9439760686479847,0.9152098113155251,0.8592937005512392,0.947724405384184
0.9449658439159752,0.9196814775786724,0.8630547071152119,0.9486711762019349
0.9442279311045715,0.9169073346140235,0.8623005572970743,0.9480533100508906
0.9443560716526596,0.915103790805125,0.8618150596324269,0.9480522273891647
0.944691888261442,0.9170083034910804,0.8617529077925911,0.948427878699329
0.9440997905564835,0.9135532276244768,0.860119606590037,0.9479826941569959
0.9445283985966401,0.9157896998177772,0.8604969793842121,0.9482947753622483
0.9446211900280141,0.9163598243083205,0.8599706447319003,0.948400816514873
0.9453591028394178,0.9212755463811432,0.8652552889238685,0.949098626880531
0.9447139814593882,0.9166291378463339,0.8633892605931388,0.9483931529179559
0.9447316560177452,0.917249203132522,0.8620735696238094,0.9484423880573807
0.9446742137030851,0.9139275853904757,0.8589285587339054,0.948307186950109
0.9444046766881412,0.9183073201235283,0.8625025786769135,0.9481282497257778
0.9440379296022341,0.9159555360436037,0.8609337785191052,0.9478930310647743
0.945328172362293,0.9214129427606679,0.8675849015175243,0.9488716057972774
0.9445946781904787,0.9185880181347693,0.8644022394996209,0.9482440900331005
0.9448597965658333,0.9185950382055086,0.8633847901185563,0.9486492139781052
0.9445107240382831,0.9174198800067729,0.8640111819222859,0.948162271028493
0.9439186263333245,0.915853772055035,0.8600686631705471,0.9479120215661702
0.9445814222717109,0.9152524957388264,0.8573018213502197,0.9483757632162516
0.9446742137030851,0.9168264451109646,0.8620040163698404,0.9483980215914353
0.9445063053986938,0.9211373296560919,0.8604509457828453,0.9482105804515341
0.9429907120195834,0.9145991630014054,0.857102594954609,0.9468088227299728
0.945089565824474,0.9183744196769705,0.8648890856989048,0.948906996353737
0.9448244474491194,0.9182429206243221,0.8628839356173847,0.9485872551608657
0.9447979356115839,0.9139365488073704,0.8610267932342465,0.9484363942043051
0.9443958394089628,0.9177459138746282,0.8624629171988095,0.9482876377658582
0.9449879371139214,0.9174332572239745,0.8628186373224457,0.9486675620303067
0.9446432832259604,0.9156085988135957,0.8623682635417255,0.9484512370258167
0.9441616515107328,0.9186835103595469,0.8620723369697261,0.9479653598140083
0.9451028217432417,0.9203588976206528,0.8630573678541374,0.9487851857948217
0.9441351396731974,0.9144199006068571,0.8617352612134087,0.9479450721505627
0.9436049029224882,0.9133231689795086,0.8598679609021449,0.9473913198496041
0.9439672313688062,0.9138000338099863,0.8615987826634972,0.9478142920266472
0.9448509592866549,0.9168015038391392,0.8628709538155716,0.9484914940943732
0.944400258048552,0.916084313664168,0.8619516027622465,0.9482070882060541
0.9446344459467819,0.9145531900254751,0.8611182907989888,0.9483125486590285
0.9446388645863711,0.9157057069006543,0.8629713311934782,0.9484516874621549
0.9444046766881412,0.9169643017465361,0.862024659851598,0.9482162399021632
0.9455004993062736,0.920071731086524,0.862259343351253,0.9491525331986855
0.9448863084033687,0.9173259172680729,0.8616351169783735,0.9485673525530914
0.9444223512464982,0.9164131379680802,0.8650463011598238,0.9482092697364455
0.9438788585770213,0.9161469461430019,0.8579799619283104,0.9477578726183868
0.9447316560177452,0.9205153022651934,0.865400796100424,0.948479090964729
0.9455314297833983,0.9170795712160124,0.8626039912958693,0.9491898176939778
0.9453591028394178,0.9177528328314566,0.8638386878068306,0.949024640531064
0.9445504917945863,0.9150831668153444,0.8590243456619536,0.9481738473754897
0.9443472343734811,0.9153152294754554,0.8617985223064394,0.9480504109563593
0.9446300273071927,0.915424479944181,0.8597949782979141,0.9484461804931068
0.9452265436517405,0.9158395854066589,0.8616432010073863,0.9488892259822541
0.9448774711241903,0.9197037320113973,0.8662593435453184,0.9486066921812548
0.9451779386162589,0.9214126555182113,0.8625379254875513,0.9489165056264164
0.9441351396731974,0.9187502818336232,0.8606930917146985,0.9479509075357215
0.9446786323426744,0.9172151771347059,0.8632496688179355,0.9483933915087005
0.9446035154696572,0.9145430341147966,0.8608763132360971,0.9482461508449782
0.9440158364042879,0.9151510556898151,0.8586210649674121,0.9478924050214982
0.9446963069010313,0.9190991878482805,0.8627026082381589,0.9483911799015053
0.9445151426778723,0.9182167997868266,0.8595084614960707,0.9482803659289356
0.9452486368496867,0.9177925845001734,0.8635152301585444,0.9489611767392493
0.9452574741288652,0.9184418396423641,0.8620460024331286,0.9487849557250484
0.944143976952376,0.9178649434472864,0.8619382571667595,0.9479680729499239
0.9441174651148404,0.9166798980875647,0.8622571439697053,0.9479312072527697
0.9453414282810608,0.9184809713254698,0.8624380852890379,0.9489601327573972
0.9441925819878576,0.9170458914303434,0.8617875410958081,0.948082920945343
0.9446786323426744,0.9165094671994974,0.8617919071465253,0.9484052749426414
0.943909789054146,0.9147128008273321,0.8594524840276951,0.9477623238645682
0.9442500243025177,0.9133505947599925,0.8610373274034122,0.9480041254649828
0.9446830509822636,0.9158357165560671,0.8616590849795245,0.948376692646643
0.9447493305761022,0.9159406730223508,0.860830071227462,0.9484429719610858
0.9437109502726301,0.9100204230295821,0.8571518011250945,0.9475463482564831
0.9455004993062736,0.9151030340049636,0.8607000446309285,0.949107938888485
0.94476258649487,0.9134240887385151,0.8614958854885529,0.9485076542062066
0.944926076159672,0.9197737811782123,0.867139749530905,0.9486961979577162
0.944201419267036,0.9161012679306298,0.861729643447849,0.9480486390024659
0.9452044504537943,0.9177772316603859,0.8624831667116615,0.9489920050353287
0.9436976943538623,0.9160921588370643,0.8628030242359157,0.947518140469819
0.9443163038963563,0.9168048430085941,0.8601508690215607,0.9481833730575321
0.9448730524846011,0.9140490030978309,0.8622300370713804,0.94859895526695
0.9438700212978428,0.9144114613794159,0.8586656256519901,0.9476857587457997
0.945036542149403,0.9165449305287844,0.8603638583361543,0.9486495115455661
0.9450232862306354,0.9190604515524486,0.861266541772608,0.9488255746268118
0.9446874696218528,0.9173403378307985,0.8596225123186737,0.948348938479246
0.9440776973585373,0.9156981823143665,0.8616884376912806,0.9478674181335631
0.9442809547796425,0.9164410115941944,0.8644655910231108,0.9480082917592474
0.9445681663529433,0.9182038525974018,0.8604664170266494,0.948353611132065
0.9445195613174616,0.9135625205841469,0.8593353521598095,0.9482444491681873
0.944691888261442,0.9161229425642388,0.8594093067781351,0.9484310352175099
0.9447714237740484,0.9165209240439992,0.8624671961096781,0.9485468664705056
0.9446211900280141,0.9187604570736955,0.8619013450666368,0.9484810556761236
0.944201419267036,0.9154717805609929,0.8601987548666761,0.9480449355326925
0.9447007255406206,0.9188450400129605,0.8632031778436372,0.9484734439297509
0.9442986293379995,0.9192063976938456,0.8634498496078687,0.9481156696249293
0.9439760686479847,0.9158139043773258,0.8606488852077699,0.9477343183872637
0.9459556191839656,0.9182664837671343,0.8639333403967558,0.949414975270428
0.9437109502726301,0.9123548267276654,0.8561884722968293,0.9475667995845715
0.944183744708679,0.9176953760743477,0.8636942002187254,0.9480399583003168
0.9447537492156914,0.9199359600132965,0.8651676275061361,0.948477057438337
0.9441881633482684,0.9160391374301174,0.8581470282028895,0.9479853433820625
0.9444886308403369,0.9178670792973384,0.8643009384074475,0.9482233904647519
0.9452442182100975,0.9158970663424781,0.8617250018028907,0.9489208331951915
0.9454474756312027,0.9176704069727805,0.8623742915215878,0.9490178289974359
0.9443914207693735,0.9143582415333925,0.8594045383041953,0.9481252477146764
0.9446167713884249,0.9156373975166703,0.8600597933694827,0.9484297985832968
0.9448686338450119,0.9154639149907966,0.8616609783564029,0.9485843333790327
0.9443074666171779,0.9175996672763393,0.8598019126317812,0.9480999450800137
0.9451072403828309,0.9168891482962032,0.8619728275995236,0.948776172845929
0.9440600228001803,0.9152294082385575,0.858413908719539,0.9479470635625808
0.9448642152054225,0.918672380247771,0.8629676821206663,0.948642879693672
0.9440069991251093,0.9140149584537643,0.8575204181815211,0.9477034674820168
0.9448553779262441,0.9149292668438581,0.859354183510401,0.9485194683017043
0.943618158841256,0.9164571379568978,0.8620206089731463,0.9473681534405444
0.944400258048552,0.9183717876013542,0.8611895926178258,0.9482501960258907
0.9447714237740484,0.9202991897142088,0.8662048490099492,0.9485236909602278
0.9445372358758185,0.9225946791671239,0.8645556699122511,0.9483279158133374
0.944201419267036,0.9180284992079806,0.8614872548374024,0.9479720099458115
0.9442102565462146,0.9191320823677211,0.8638856559811916,0.9480135822137631
0.9443207225359457,0.9146711309592188,0.8588100621672382,0.9482364534324883
0.9441793260690898,0.9199396603080782,0.860592067320907,0.9479740709451111
0.945018867591046,0.9211552335354772,0.8646741258026481,0.9488052329114718
0.9446963069010313,0.916181977556209,0.8586386777440067,0.9486154894567359
0.945544685702166,0.9198119196804442,0.8640802240170183,0.9492510975290886
0.9447316560177452,0.9167642318567812,0.8611117448071408,0.9484066841987199
0.9457479431232713,0.9194665131173893,0.8620721947256953,0.9493991557815338
0.9450144489514568,0.9153511900209378,0.8612098690753146,0.9487937064930543
0.9447537492156914,0.9163201622280671,0.8607462248557719,0.9485843477687276
0.9444444444444444,0.9182416491048836,0.8605932384143838,0.9481652231971972
0.94505421670776,0.9174887971298517,0.8602063840952779,0.9488941814649907
0.9445593290737647,0.9159525324320386,0.8610454110311381,0.9482980802178356
0.9434635064556325,0.9155654478135054,0.861707669322348,0.9474012351981903
0.9441704887899114,0.917937004976604,0.8619333109619439,0.9480327870669577
0.945217706372562,0.9189696763877829,0.8636468116659222,0.9488867079523948
0.9445858409113003,0.9150823920806903,0.8618040162963068,0.9483764725148582
0.9444444444444444,0.9173427351946587,0.8624159522689323,0.9480999327651256
0.9447228187385668,0.9162433477957673,0.860348400419781,0.9484053935896478
0.9445858409113003,0.9194858862829192,0.86153633557142,0.948472457274196
0.9436137402016667,0.9172451136362092,0.859311961051544,0.9474553980533256
0.9454739874687381,0.9181232427487507,0.8627616248405872,0.9490951299455753
0.9436535079579699,0.9158072169527113,0.861315489863053,0.9474967486536551
0.9444577003632122,0.9167956339430121,0.8594320239193939,0.9482041081393552
0.9446697950634958,0.9181144985550066,0.8606254515813975,0.9483382393283409
0.9441218837544297,0.9188657875475945,0.8629128801239735,0.9478532258494804
0.9448111915303516,0.918340937806976,0.863930815474898,0.9485142007701391
0.9444311885256768,0.9169983209854794,0.861442613653099,0.9481057285083299
0.9449481693576182,0.9125033689447243,0.861061141720814,0.948641752721929
0.9439363008916815,0.9182797061654828,0.8599301353781745,0.947841318292845
0.9451911945350265,0.9191555125728375,0.8608682546864609,0.9489219642918475
0.9443870021297843,0.9140533643362889,0.8590955173001491,0.9481240683375332
0.9451470081391341,0.9182232355197556,0.8624520467632948,0.9488420559016201
0.944400258048552,0.9167721656699008,0.8620395627641196,0.9481586955801767
0.9443737462110166,0.9124402523248403,0.8563584512622676,0.9481700122479082
0.9449172388804935,0.9148659776320313,0.8614525816048858,0.9485408269376329
0.9445725849925325,0.9182298160666695,0.8633077136230168,0.9483439935150996
0.9443737462110166,0.9196130338634545,0.8609071707254776,0.9482041714910988
0.9447316560177452,0.9166670831126967,0.8615165617356536,0.9484687492377963
0.9451779386162589,0.9179873546905177,0.8621280629252925,0.9489037188879414
0.9444886308403369,0.9175333246084388,0.8590541703739543,0.9483054437119073
0.9439716500083954,0.9185460002894795,0.8614789953478333,0.9477897494967972
0.9447184000989776,0.9164475107411383,0.8624288817411013,0.9484284142408919
0.9450939844640632,0.9179441816914234,0.8593426165302835,0.9488698907564015
0.945071891266117,0.9107580769275343,0.8600013159219707,0.9488100824916438
0.9439318822520922,0.9170319950728129,0.8622052892490658,0.9477286771883114
0.943909789054146,0.9178030369874118,0.85763048927733,0.9479085416472123
0.9446521205051389,0.9199070978881773,0.8637640189248946,0.9484809144368688
0.9445814222717109,0.9185912227376757,0.8619673304854293,0.9483241593373818
0.9448421220074763,0.9155868029159412,0.8603771964597916,0.9484706237940327
0.9444577003632122,0.9159597818597064,0.8631715490628045,0.9481364411812818
0.9454165451540779,0.9171917030156017,0.8596168658276897,0.9490116001578046
0.9444842122007476,0.9143849209816979,0.8619328151516535,0.9482334149792178
0.9440025804855201,0.9167631721066399,0.8608887060823146,0.9477732290949239
0.9446035154696572,0.9153147346660596,0.8597064540980363,0.9484610344910243
0.9441395583127866,0.9161520028202997,0.8600786456641651,0.9478751040906711
0.9444267698860874,0.9227344552180278,0.8654451299712653,0.948250259742776
0.944727237378156,0.9141089701956219,0.8596900753203597,0.9484499164854071
0.9439760686479847,0.915274043324093,0.8604805472013217,0.9477894539308283
0.9448774711241903,0.9185876810587511,0.8627973789299942,0.9487139340856131
0.9438656026582536,0.9141050692173562,0.8572083741171913,0.9477441181981542
0.9448200288095301,0.9206811199162106,0.8618965211149684,0.9485411572477735
0.9443781648506058,0.9162280837861648,0.8618843976769485,0.9480665426000721
0.9443604902922488,0.9125385058395779,0.8577417457351898,0.9480588411314712
0.9443781648506058,0.9177441365550817,0.8620771853565784,0.948081042415418
0.9445018867591046,0.9183595741677104,0.8644497480053406,0.9481770862437042
0.9451602640579019,0.9153815572906888,0.861582803727879,0.9488309788739889
0.9442058379066253,0.9165389564555998,0.860813768122032,0.9479459074857821
0.9438479280998966,0.9138730385958531,0.8597611750880925,0.9476306441416872
0.9451116590224202,0.9184318258405054,0.8662732818928198,0.9488326989681893
0.9452663114080437,0.9172069491536147,0.8621979808207909,0.9488742139079496
0.9443295598151241,0.9184669752443433,0.863482745629682,0.9480444582471748
0.9442102565462146,0.9160687342778274,0.8605768628141323,0.9479570927574199
0.9448377033678871,0.9167500627317915,0.8595776576823299,0.9485534893386054
0.944691888261442,0.9171210288095873,0.8631689824790935,0.9484023348563067
0.9448288660887086,0.9183328933937834,0.8629342460120931,0.9486078342255618
0.9441130464752512,0.9177790953005519,0.8618286960975264,0.9478192172074541
0.9449790998347429,0.9173796335826461,0.8642837180565531,0.9486521090697172
0.9445018867591046,0.9185782849212715,0.8625362625163933,0.9483257562774183
0.9449835184743322,0.915195449022419,0.8625189372507848,0.9486207427635318
0.9446211900280141,0.9164696510026833,0.8614763668706765,0.948310709508011
0.9436579265975591,0.9151962680816731,0.8614792231909062,0.9474860351285297
0.944453281723623,0.915261918278169,0.861137178873056,0.9481638734907949
0.9442897920588209,0.9186302753855552,0.8654687035113948,0.9480928960343451
0.9451646826974911,0.9159252023827521,0.8596042766306765,0.9488824919210378
0.9444090953277305,0.9148433523413384,0.860130105921605,0.9482087883744559
0.9441395583127866,0.9202122098173767,0.8628287653899397,0.9479527738124509
0.9439628127292169,0.9140674159063682,0.8602837999919507,0.9476226891349852
0.9437242061913977,0.9109623350733926,0.8570068168478654,0.9475451879803206
0.9436535079579699,0.9111860072943416,0.8554623261078971,0.9474747435686245
0.9442986293379995,0.913091768806816,0.8614386669414501,0.9479576544316519
0.9441793260690898,0.9152704205095751,0.8618528278438475,0.9481051616983013
0.9436711825163269,0.9154616452434653,0.8590366347852785,0.9476229153211089
0.9433574591054906,0.916033235148982,0.8595812089817386,0.9472294039566341
0.9440202550438771,0.9150060721959576,0.8585108528717473,0.9478819372297603
0.9441395583127866,0.9194778837364582,0.8645120660880147,0.9479600934352143
0.9444311885256768,0.9170398441899418,0.8623572377388953,0.9480365824422646
0.9448332847282979,0.9184194336556021,0.8646541774615761,0.948600479066523
0.9443560716526596,0.9154716044439786,0.8605643056998896,0.9482823290270451
0.9439407195312707,0.9210617540850149,0.8620901779922553,0.9478270341774764
0.9455756161792908,0.918677006671418,0.8654621345549811,0.9491851604815753
0.9445946781904787,0.9131842825879511,0.8586781554114971,0.9483373375496982
0.9445460731549971,0.9166460335188231,0.8629115235138246,0.9483493103880312
0.9436667638767376,0.9134542184678598,0.8572212215184714,0.9474919383797095
0.9443737462110166,0.9168705924011233,0.8629856897024835,0.9482138616786243
0.9445107240382831,0.9183245147791143,0.860726223543954,0.9482919881235935
0.9445946781904787,0.9176779721615259,0.8639716379618976,0.9483783821487152
0.9449393320784397,0.9118258703820356,0.8582137711038291,0.9486249642763116
0.9437595553081117,0.9147365240542485,0.8584421292887262,0.9477099483599684
0.9450939844640632,0.9157135540631482,0.8621608527866466,0.94869490995333
0.9443516530130703,0.918588701186556,0.8595550587059589,0.9480778135652917
0.9448730524846011,0.9176979674070344,0.8618417500611922,0.9485572056404106
0.9451514267787233,0.9170480558842413,0.8654383159402238,0.9487766284086663
0.9450674726265278,0.9160168618441951,0.8623014985792983,0.9487416332447209
0.9451072403828309,0.9171161820990142,0.8625793031022767,0.9488334191936776
0.9448421220074763,0.916507663767335,0.863625568984972,0.948579602016359
0.9452486368496867,0.9167502007114979,0.8649937263660749,0.9488758438774137
0.9440865346377157,0.9179999820040073,0.8651062403402818,0.947929415413614
0.9449614252763859,0.9194874944642486,0.863475916316489,0.9486772165943411
0.944435607165266,0.914424706274597,0.8598390131800755,0.9481422290773671
0.9444223512464982,0.9192277096102047,0.8609597447824439,0.9481462757578921
0.9449879371139214,0.9161425186761382,0.8610525601099915,0.9485669412314505
0.945089565824474,0.918235840767095,0.862058516150136,0.9487827756352184
0.9449702625555644,0.9161196362329788,0.8617005505749883,0.94871508076131
0.9443163038963563,0.9145710931344898,0.8565034590406858,0.9480272611426375
0.9447758424136377,0.9186325866767527,0.8669991616010008,0.9483821519031088
0.9439981618459309,0.915370974092275,0.8597268388498368,0.9478570618098231
0.9443428157338919,0.9154291112879883,0.8623905480913034,0.9481796767145507
0.9438832772166106,0.91853483150202,0.8605235225153542,0.9477497029716487
0.9452839859664006,0.916993539242049,0.8642891419758115,0.9489534699154345
0.944563747713354,0.915061787644626,0.8599204262170713,0.9482965323169039
0.9440776973585373,0.9176553889779538,0.8641266070374414,0.9478935338997632
0.9442279311045715,0.9135502939775189,0.8573689953323704,0.9480693156351911
0.9446300273071927,0.9163883183937674,0.8614794176354608,0.9483487306238336
0.9441307210336082,0.9205030011316507,0.8655646460156952,0.9479565720365097
0.9442721175004639,0.9144370635515283,0.8591596283943268,0.9481370782023046
0.9439407195312707,0.9159697398635783,0.858858185199968,0.9476768895719744
0.9443649089318381,0.9130189309089348,0.8584200023786595,0.9481732110029253
0.9440953719168942,0.9202416075664788,0.8633000376708834,0.9478919861528061
0.9449437507180289,0.9172728693526881,0.8632269111639262,0.9486271073614799
0.9449525879972074,0.9191215999794983,0.8638959836683998,0.9486812264040287
0.9442058379066253,0.9167714794543607,0.8602110022729219,0.9480362666946842
0.9443074666171779,0.9175636292594739,0.862148430891752,0.9480646819275759
0.9437772298664687,0.9162301784403758,0.8602430027176744,0.9477188666667278
0.9437728112268795,0.9176641740424293,0.8613705217340903,0.9476054332519703
0.9447493305761022,0.9186830419274233,0.8641990947659232,0.9484825943362255
0.9450939844640632,0.9178494462097515,0.8619854579295243,0.9487868815280437
0.9442853734192317,0.9147281569725523,0.8607921721521602,0.9480077393539617
0.9455535229813445,0.9178738882467482,0.8616983495812853,0.9492228956615701
0.9441970006274468,0.9148453770613983,0.859968993752073,0.9480933370315091
0.9445990968300679,0.9172244388063666,0.8600767945558594,0.9483914649202827
0.9446742137030851,0.915909583676038,0.8598415556037619,0.9484018881605724
0.9436225774808452,0.9187070577468235,0.8602342521990571,0.947493067922124
0.9445018867591046,0.9160928931101385,0.860130896695388,0.9482335099474123
0.9446079341092465,0.9170721462403987,0.8619633784076273,0.948431775708599
0.9445195613174616,0.9191302636167242,0.8610933085768939,0.9483437789279053
0.9439893245667524,0.9152901514925855,0.8577018443873519,0.9479121701349461
0.9451911945350265,0.9169838846624664,0.8613704717207217,0.9488716267164266
0.9445814222717109,0.9161447826692426,0.8622955627683139,0.9483404497690806
0.9430967593697253,0.9151216939184522,0.8592040213437734,0.9470124731053517
0.9446963069010313,0.9185593120316221,0.8614214620325623,0.9484821797062422
0.9447714237740484,0.9198286872003445,0.8643668471782645,0.9485761705151807
0.9448023542511732,0.9189788828558836,0.8632313656391329,0.9486233335743827
0.944709562819799,0.9151652475772307,0.8583198751467175,0.948422119008971
0.9435386233286496,0.9138026482313553,0.8586994660469965,0.9473256476335743
0.9450630539869385,0.919357959473718,0.864002013930156,0.9487168937015531
0.9449172388804935,0.9164890219386509,0.8609414443244426,0.9486583043414879
0.9445814222717109,0.9157035415287582,0.8601139707092134,0.9483496005747861
0.9452088690933835,0.9183488402083333,0.8613473368131792,0.9488618778154698
0.9440114177646987,0.9134671990724966,0.8599321949974812,0.9478681568833673
0.9441218837544297,0.9127144915396936,0.8569160243383448,0.9481071424226662
0.9446742137030851,0.913568502088152,0.8587374577419927,0.9485940268244699
0.9454607315499703,0.9167993937932556,0.8604345904091258,0.9491686953474592
0.9445195613174616,0.9137816983203239,0.8604529469022182,0.9481750262661267
0.943892114495789,0.910638119097424,0.8545126621644071,0.9476481244675967
0.9437904857852364,0.9121391547738361,0.8596527984435548,0.947645722892171
0.9442500243025177,0.9155061685413618,0.8577183657993054,0.9480670598877187
0.9451779386162589,0.9173397326983183,0.8607805832502248,0.948902766079132
0.9447139814593882,0.9188078607229899,0.8663202793900876,0.9485085499126532
0.9448907270429581,0.9175955610117604,0.8619464552399884,0.9485903745564567
0.9437683925872902,0.9190111478052893,0.8624049340273202,0.9476683682431404
0.9442853734192317,0.9181237489648163,0.8620756019019371,0.9480726431130532
0.9445770036321217,0.9192232274320531,0.8651736607392088,0.9482573148712112
0.9448951456825473,0.9157722374969153,0.8607677352323352,0.9486300887546137
0.9454386383520241,0.9190143904916871,0.8634742302038567,0.9490909455573769
0.9448421220074763,0.9185116558901444,0.859447914151749,0.9485198114181576
0.944219093825393,0.9151885393528266,0.8593534423238057,0.9481456596908135
0.94423676838375,0.9122465987065117,0.8600785969067977,0.947899431040315
0.9437109502726301,0.9164705308091573,0.8624807144898929,0.9475483538870716
0.9447360746573344,0.9187932454698219,0.8631251998302758,0.9483788559474223
0.9433397845471336,0.9157468901769528,0.8610157820649367,0.9472925658181961
0.9439716500083954,0.9138594510018588,0.8592317899651837,0.9477310596833158
0.9444046766881412,0.9190669758169946,0.8618009568210804,0.9483057827377805
0.944453281723623,0.9153182224986491,0.8569293239791069,0.9482117694741684
0.9444886308403369,0.915363759685393,0.8593626243072914,0.9483571727388137
0.9441881633482684,0.917050728638653,0.8624448796538139,0.9479497765501325
0.9436358333996129,0.9150832047163879,0.856941112406037,0.9475300284415472
0.9446035154696572,0.9172146868619325,0.8608630252476829,0.9484791800948466
0.944219093825393,0.915839296654868,0.8611161534298913,0.948080188728029
0.943547460607828,0.9135120268144021,0.8589369321935842,0.9474898472516445
0.945253055489276,0.9182749612823885,0.8628000033471815,0.9490144406551977
0.9446079341092465,0.9158472987614352,0.8602712537494305,0.9483311093616406
0.9442235124649823,0.9141568046895053,0.8594193211318838,0.9480574470489587
0.9437551366685225,0.917176620654109,0.8604824705909235,0.9476327530098088
0.9442411870233393,0.9127244262159087,0.86073945774322,0.9479286171069871
0.9434414132576863,0.9137365459587673,0.8594988791024039,0.9473098836221177
0.9446211900280141,0.9143392354503197,0.8604709879164967,0.9483612544397392
0.9447228187385668,0.9140926569028877,0.8602127764291138,0.9483560511271176
0.9446521205051389,0.913137041148685,0.8587705758351489,0.9483295884436115
0.9443383970943026,0.91598231690878,0.8588991121876867,0.9481602666026067
0.9445328172362293,0.9183792824209399,0.8618034562230269,0.9483035014552567
0.9455491043417552,0.9180500086164187,0.8630433424689065,0.9491707783133708
0.9450630539869385,0.917657960199637,0.8619405221371191,0.9488633052412864
0.9438214162623612,0.916209610474325,0.8623908360437144,0.947592736943036
0.9443339784547133,0.9154794707773687,0.8589035400140945,0.9480372898937897
0.9442632802212855,0.9190323125115205,0.8608211417896524,0.9480203742026824
0.9441483955919652,0.9158483301940441,0.8618318599751953,0.9479542513041019
0.9447714237740484,0.9172119028012818,0.8573689800573315,0.9485274980234427
0.9443383970943026,0.916979286121495,0.8610122871222091,0.9480978683566513
0.9438214162623612,0.915514687036179,0.8597229394085462,0.9476863446191549
0.9441970006274468,0.91460521070167,0.8572339897312624,0.9480480060792412
0.9435916470037204,0.9150024282317079,0.8587758221334548,0.9474804982803317
0.9440467668814125,0.9116666134254301,0.86005279277883,0.9478131999689107
0.9451735199766695,0.9155206555010619,0.8603860868589985,0.9487992654249535
0.9440246736834663,0.9134390695717658,0.8558374522834153,0.947803302190759
0.9439760686479847,0.9184945976678909,0.8618800188116692,0.947783160238423
0.9446521205051389,0.9131813362956674,0.8588558374253127,0.94844709551764
0.9446167713884249,0.9176340066385232,0.8642070715223262,0.9483630602041632
0.9440467668814125,0.9170420068327456,0.860971681218461,0.9478011080845417
0.9443781648506058,0.9157793029211014,0.8596139581697987,0.9481147486800836
0.9447670051344592,0.917039102090157,0.8620754790665645,0.9485022045106094
0.9450630539869385,0.9167711646760849,0.8605414732852259,0.9488580458342545
0.9439628127292169,0.9155242621213295,0.8593155333619141,0.9477932174302232
0.9441174651148404,0.9158095957280767,0.859569034481848,0.9478052676817079
0.9454518942707919,0.9197856041057934,0.8635307578659529,0.9491714157936424
0.9456551516918971,0.9208889982199139,0.864810567723144,0.9492501421770774
0.9447714237740484,0.9191001874740137,0.8637907251204865,0.9484240094812243
0.9446388645863711,0.914394944039054,0.8614226265564959,0.9484620280142106
0.9447007255406206,0.9144988944080786,0.8598196308185424,0.9483423788304961
0.9444135139673198,0.9162056380882796,0.8619484143605755,0.9481007055571942
0.9439849059271631,0.9123762798816325,0.8583863543520023,0.9476747021780648
0.9439672313688062,0.9137889330666028,0.8584588281057758,0.947635544016253
0.943746299389344,0.9168468727631425,0.8614650213493692,0.9475609185763424
0.9448465406470656,0.9147374263822705,0.8603640258791155,0.9485326167962597
0.94394513817086,0.9138747156599024,0.8591603807170275,0.947767802537037
0.9441793260690898,0.9124303219813902,0.8567473316347612,0.9478896718258012
0.9456109652960046,0.9183265563130595,0.8629231369567616,0.9493710249752508
0.9447051441802098,0.919593606060441,0.8670031938910661,0.9484147231641015
0.9440511855210018,0.9169526585737088,0.8581268683737601,0.9479022606356275
0.9446830509822636,0.9181836574902837,0.8608409367093399,0.9484464000785243
0.9445946781904787,0.9170365284120162,0.8602526809621167,0.9484165230386793
0.9442897920588209,0.9181145008388089,0.8628076286376201,0.948061871133532
0.9444797935611584,0.9183256269119624,0.8624557622618559,0.9482365587068039
0.9450674726265278,0.9147774141416974,0.8622145199966568,0.94878230736631
0.9443074666171779,0.9191241381416599,0.8628742475019094,0.9480675782881656
0.9446300273071927,0.9201725847205943,0.8623723370009231,0.948483329522682
0.9445902595508895,0.9162257833862321,0.8632966578050798,0.948290901696582
0.9450497980681708,0.9187782619868656,0.8641431875513342,0.9488458303428183
0.9444090953277305,0.9213406110939694,0.8634630636690791,0.948182377465249
0.9442146751858038,0.9153770488504333,0.8592580401130095,0.9479753595314909
0.9453546841998286,0.9183742224763787,0.863430300534261,0.9491192914610026
0.944219093825393,0.9176624872705789,0.8645792166431383,0.9479860182142581
0.9440158364042879,0.9160130610807202,0.8592312327080565,0.9477826373560765
0.9449790998347429,0.9177147777572356,0.862305256880382,0.948710188458988
0.9443207225359457,0.9146213858676093,0.862454150417772,0.9480886453055517
0.9448244474491194,0.9177036795234089,0.8614348919081272,0.9486324619563153
0.9445460731549971,0.9199777844138033,0.8636659396982316,0.9483518038685254
0.9448288660887086,0.9169854307023051,0.8622782489447669,0.9485601725354096
0.9444621190028014,0.9156743883197416,0.8599480416577576,0.9482552770729101
0.9437153689122193,0.9163058819024815,0.8588356315034203,0.9475840021013996
0.9444665376423906,0.9200126247888901,0.8620799719358972,0.9482385888167495
0.9449879371139214,0.9152829292122011,0.8621826483878431,0.948615751305145
0.9442765361400532,0.9176143196295888,0.8623732356049116,0.9481976766915989
0.9446256086676034,0.9161146432374523,0.8622536357874477,0.9484541256410258
0.9447670051344592,0.9157984918045486,0.8618746246879677,0.9484597749296754
0.9440776973585373,0.9159786940509118,0.8583619322474283,0.9479025752948032
0.9444930494799261,0.9149253689618548,0.8603832736018598,0.9483061655925228
0.9448200288095301,0.9156983273972346,0.8604865442529235,0.9485781165281124
0.9442632802212855,0.9146280830690187,0.8589485979167534,0.9480380515512423
0.945036542149403,0.9189122250032334,0.8640434972541723,0.9487383044040038
0.9438435094603074,0.9145717600303586,0.8583947008949498,0.9475570703637404
0.9445593290737647,0.9162356925439871,0.8617436796266313,0.9483236182355326
0.9447404932969238,0.9153383713632923,0.8606788102526925,0.9485282447607462
0.9439849059271631,0.9192351503590442,0.8658954603126923,0.9478051845740065
0.9447670051344592,0.9199453353920545,0.8621511140382859,0.9486348229449623
0.9442456056629285,0.9159745288906975,0.8630601495689271,0.9482109733293349
0.9447228187385668,0.9148173964984593,0.8623809707131098,0.9484819354491831
0.9443339784547133,0.9175029889718758,0.860608070066114,0.9480643061718234
0.9439981618459309,0.9162756255968704,0.8618315386017156,0.9477567056760541
0.9450056116722784,0.915570341955701,0.8613019818863407,0.948687154719533
0.9454121265144887,0.918076470552896,0.8613551943250284,0.9491217183481152
0.9446035154696572,0.9151128847085419,0.8612184196278717,0.9484296783096394
0.9441528142315544,0.9131222131257904,0.8561230373651834,0.9479853007290949
0.9443914207693735,0.9181984561611684,0.8613415298392403,0.9480612550693955
0.9444797935611584,0.9139538901909026,0.8566354857417162,0.9482491067803269
0.9443693275714273,0.915495642996434,0.8601889440604713,0.9480448961190351
0.9442279311045715,0.9157244112446173,0.8613442924464254,0.9480230871696712
0.9450453794285816,0.9170961918681344,0.8628946845358433,0.9487562431092009
0.9442765361400532,0.913632353808857,0.8594346689000526,0.948090404954077
0.9447139814593882,0.9154721063423751,0.8605991175263842,0.9485088458707656
0.9440865346377157,0.9161316430921912,0.8619241317482261,0.9479359415621363
0.9445328172362293,0.9153557409914654,0.8602006413444799,0.9484097024238474
0.9446963069010313,0.9193845700327165,0.8608715389748466,0.9485397082073947
0.9444135139673198,0.9156186063319536,0.8625254078517998,0.9482059421055855
0.9441395583127866,0.91751419986894,0.86287423546547,0.9478700558316319
0.9438611840186644,0.9162529696452839,0.861374372460881,0.9477119428925757
0.9443074666171779,0.9171645260596407,0.8619758625208908,0.9482058758412586
0.9443030479775887,0.9223815935646611,0.8632697358474287,0.9481042909324506
0.9443472343734811,0.9182339186684739,0.8641949093611524,0.9481180846420328
0.9442721175004639,0.9134159578862703,0.8601456573991746,0.9479989461372879
0.9443781648506058,0.9199399878844927,0.8612397547557225,0.9482092405980667
0.9445372358758185,0.914901617778078,0.8594664858473077,0.9483568786518894
0.944435607165266,0.916248067630214,0.8612967588252769,0.9482033413079299
0.9448156101699409,0.9166993301329168,0.8621831727494361,0.9485152881262087
0.9445858409113003,0.9197697802382034,0.8640326849445356,0.9482874027153025
0.9436358333996129,0.9163370570862606,0.859779126581122,0.9474304066966672
0.9454784061083273,0.9148196005057055,0.8614943580454674,0.9490675425295181
0.9445946781904787,0.9148078445638571,0.8597876963931484,0.9482934716414053
0.9446211900280141,0.9149190793432563,0.8601472299586865,0.9485463508414147
0.9442588615816963,0.9149629641578362,0.8616322151383083,0.9480817950308519
0.944727237378156,0.9172504016901472,0.8603692546365549,0.9485284760240255
0.9444267698860874,0.9189995568550835,0.8638471759976815,0.9482268855429822
0.9449658439159752,0.9150951654492705,0.860327099494473,0.9485887921596804
0.9444577003632122,0.9173858436617053,0.8617166008912779,0.9482995125263161
0.944126302394019,0.91661218050413,0.8629077642947545,0.9480279413796129
0.9444444444444444,0.9231305348951989,0.8641121051337335,0.9482962725106655
0.9447184000989776,0.917910017824287,0.8595309950466257,0.9485421355480728
0.9456949194482003,0.9181169701089018,0.8641109141686896,0.9493096980115971
0.9445107240382831,0.9180683512805323,0.8610869558027324,0.9482583764068064
0.9452663114080437,0.917235574167297,0.8635194605061141,0.9490144763379763
0.9447404932969238,0.9164420162351083,0.8611056623360475,0.9484407409837495
0.9453591028394178,0.9181540195582911,0.8671332396105604,0.9489896942958341
0.9449216575200827,0.9191128982894498,0.865099990391475,0.9487574760809676
0.9443781648506058,0.9183411675195993,0.8620647881167065,0.9480927655978784
0.9439318822520922,0.9168161302118073,0.8571451199307338,0.9477765848329035
0.9442632802212855,0.9137700323168602,0.857277982983564,0.9481240473993808
0.9436314147600237,0.9191467379795389,0.8642457509594008,0.9475537158287951
0.943874439937432,0.9144818897967456,0.8626242222488835,0.9477287006624394
0.9447316560177452,0.9134966169650428,0.8616761518951315,0.9483974411692583
0.9450763099057062,0.9187714223152472,0.8653801462073878,0.9487134354193766
0.9445593290737647,0.9135951521011042,0.8582470762325737,0.948370214639241
0.944183744708679,0.9184200518247303,0.8626187632192818,0.9479487651920372
0.9444753749215692,0.9152117671294648,0.8613496635603,0.9481622142344611
0.9446565391447281,0.9191444978879193,0.861605657372035,0.9484406687357763
0.9445946781904787,0.9195335314959177,0.864122549939193,0.9483855428658116
0.9443428157338919,0.9179362930493292,0.8626020691696049,0.9482275927600075
0.9449349134388505,0.9129440587111943,0.8587153675140827,0.9485996588789881
0.9442721175004639,0.9186369725159995,0.8624049596535462,0.9481134617282464
0.9453414282810608,0.9196130791179689,0.8664749733986178,0.9490875943471612
0.9448288660887086,0.9143683938786044,0.8608699879207602,0.9484351190568668
0.9446432832259604,0.9148455110247024,0.8616635805367879,0.9484274518757834
0.943909789054146,0.912431829995514,0.8616065976620416,0.9477217830995027
0.9444974681195154,0.9160001765832446,0.859603818582862,0.9482679532519049
0.9448597965658333,0.9185880621187854,0.8623296947598048,0.9485796554505106
0.9445504917945863,0.9168599418365673,0.865232961600844,0.9482313832929875
0.9445063053986938,0.9133387913847361,0.8596294547050247,0.948103565263342
0.9441970006274468,0.9138310104180933,0.8599136587654919,0.9479243992786776
0.944183744708679,0.9140503355080206,0.857483737965164,0.9479229165530659
0.9448774711241903,0.918501545338036,0.8620953908293822,0.9485210988262086
0.9448553779262441,0.9170036872549584,0.8607355494213061,0.948564050108855
0.9445195613174616,0.9127453483293577,0.8599531222791345,0.948330114082805
0.9457656176816281,0.9171376162710523,0.8642424441930877,0.9493464266105773
0.9446697950634958,0.9153261381211378,0.8595122159174915,0.9484138328754963
0.9448111915303516,0.9230255329309479,0.8633358161256506,0.9485305154213365
0.9447979356115839,0.920850424043847,0.863920010066807,0.9485328060273348
0.94505421670776,0.9167689597141392,0.8625963414283622,0.948772218020505
0.9445195613174616,0.9144309323958844,0.8606100627228708,0.9482436280849081
0.9439760686479847,0.9145750304107427,0.8587638060765618,0.9477572458720631
0.9449481693576182,0.9155948188988233,0.8589672814118756,0.9486485179746237
0.944744911936513,0.9201544017817741,0.8647656908515386,0.9485003913145482
0.9444797935611584,0.9142991323217323,0.8610069338870344,0.9482011709683524
0.9440423482418233,0.9148310873200763,0.8580885773794454,0.9478146177277524
0.9450939844640632,0.916269534332787,0.861008440778373,0.9488707092456392
0.9442102565462146,0.9161706057501611,0.8601960682107982,0.947969634584306
0.9444665376423906,0.9166923507275436,0.861317053178147,0.948233367027838
0.9440644414397695,0.9156315908430004,0.860777331876463,0.9477566880759093
0.9440202550438771,0.9150082838317493,0.8595578092122834,0.9478703627502476
0.9448156101699409,0.9206213221490486,0.8625033489399228,0.9485308547242336
0.9446521205051389,0.9199589300348708,0.8634316903833433,0.948293230414354
0.9446830509822636,0.9159842331842201,0.8606353462773484,0.9484510537433687
0.943600484282899,0.9128540489811005,0.8592546382104427,0.9475037645894634
0.9444974681195154,0.9201724243092945,0.8647738965886694,0.9483273133579647
0.9439495568104492,0.9160522710426113,0.8600445429685354,0.9478560617299198
0.9451911945350265,0.9172867238433609,0.8610520465383794,0.9489453165737263
0.9436314147600237,0.9177613711813121,0.8600731455431891,0.9475647804080514
0.9439849059271631,0.91298701604463,0.8582886131906554,0.9477655053993902
0.9452221250121513,0.9145589156499124,0.8590802464254139,0.9488766222057751
0.9452663114080437,0.9210322209783619,0.862644698135978,0.9489365532580537
0.9446300273071927,0.9117506568143886,0.8584659264919082,0.9483632665375861
0.9449614252763859,0.9160057156451848,0.8637709137674879,0.9485929646890402
0.9441483955919652,0.9186161649592863,0.8624334007826736,0.9479904263754652
0.9439407195312707,0.9173840378332037,0.8612008185531435,0.9476885189112204
0.9444930494799261,0.9167179548381916,0.862072927079917,0.9483034071055957
0.9437021129934515,0.9179108521223601,0.862535368962581,0.9474913251139894
0.944691888261442,0.9117693076513681,0.8581574340736654,0.9484646763663582
0.9446256086676034,0.9183090685405207,0.8595005827957081,0.9483402655405663
0.943892114495789,0.9121013177627235,0.8565871597900554,0.9477857907987793
0.9448951456825473,0.9166604409224158,0.8614146673602064,0.9486177866231277
0.9441749074295006,0.9167531550143811,0.8608951120682626,0.9479512552102519
0.9439186263333245,0.9221210033367534,0.862166989737724,0.9477868751028211
0.9438523467394858,0.9154141027937649,0.8598961590175953,0.9476505270860122
0.9438479280998966,0.916963119021901,0.859990287994664,0.9476592606191621
0.9445902595508895,0.9171974788145746,0.8629427477558375,0.9482606690740609
0.9450939844640632,0.9191654824009066,0.8642920685088297,0.9487393429052682
0.9442632802212855,0.9141896000094334,0.8608009547284461,0.9479824320022412
0.9438832772166106,0.9192133807316273,0.8611698726515982,0.947782794331374
0.9449039829617257,0.9155835564954306,0.8606063439454125,0.9485332724325718
0.9450674726265278,0.9185491688394387,0.8629427450510245,0.9487245887000797
0.9450277048702246,0.9167084992282921,0.8624228049352612,0.9487465845205518
0.9447537492156914,0.9169350545755414,0.8611464368778756,0.948447843387982
0.9439672313688062,0.9177256086173541,0.8598417404904447,0.9478637007347069
0.9432469931157595,0.9119857337492929,0.8585157870019989,0.9470482598655775
0.9442809547796425,0.9182797732169936,0.8611137820794406,0.9480694123201597
0.9452972418851684,0.9163819224731775,0.864307306119572,0.9489189448133066
0.9447890983324054,0.9164937400822232,0.8595174995401811,0.9484978965129667
0.9439981618459309,0.912050120778199,0.8571953550677949,0.9479488978979671
0.9451646826974911,0.9191576155241691,0.8648475290627158,0.9488347886224047
0.9442411870233393,0.9161506161255398,0.8601626258389815,0.9481783315577377
0.9448553779262441,0.9175392691330629,0.8632249271453916,0.9485429541398165
0.9449835184743322,0.9160277931057152,0.8601795330113617,0.9487176666417076
0.9437949044248257,0.9153805712417975,0.8584096244295755,0.9476633076408973
0.943856765379075,0.9122701526724858,0.8599192364114672,0.947633777406839
0.9448067728907624,0.9159743796537907,0.8605698638935146,0.9484456678076765
0.9445990968300679,0.9183245781366219,0.8614200420319242,0.9482993455747998
0.9434811810139894,0.9138677970975773,0.8583895647547678,0.9474524533252673
0.9438169976227719,0.917451337092184,0.8595726624674265,0.947730035542666
0.9445681663529433,0.9172916810821276,0.8634677953986498,0.9483952172398116
0.944400258048552,0.9153961136790615,0.8603751262618905,0.9481633712301504
0.9445593290737647,0.9171507460236794,0.8629056531326986,0.9483448141817405
0.943892114495789,0.9158599467922698,0.85932286107413,0.9477825859413354
0.9446786323426744,0.9163195811431176,0.8626340852205965,0.9484300353083178
0.9443693275714273,0.9171476956386595,0.862026877135299,0.9482730135857743
0.9442500243025177,0.9152359533172744,0.8591404691059183,0.9482114767959446
0.9453502655602393,0.9190028430806773,0.8643656311737287,0.9490614655013572
0.944453281723623,0.9158535555284529,0.86069458178644,0.948158831547539
0.944400258048552,0.9176146041779569,0.8614327789425005,0.9482263977221301
0.9452486368496867,0.9170992361188579,0.86484532213187,0.948779894382477
0.9449746811951536,0.9168655898431617,0.8601719250624115,0.9486956864356826
0.9438169976227719,0.9205854759789435,0.8626169276778698,0.947712909123915
0.9444665376423906,0.9148372509512303,0.8592110754531074,0.9483015921737922
0.9444753749215692,0.9152093314714744,0.8598194195056349,0.9482381429398751
0.9446653764239066,0.9139914483169607,0.8602832026746662,0.9483657861331509
0.9441528142315544,0.9150461878492281,0.8583820194938353,0.9479775101919254
0.9455491043417552,0.9148852775976684,0.8627071332360262,0.9491515408983732
0.943582809724542,0.9137156196636675,0.8581852488886813,0.9474231513501786
0.9451072403828309,0.9186124428192184,0.8649305836152339,0.9487612462254786
0.9448863084033687,0.9169644165489078,0.8626476854283404,0.9486333793551336
0.9449481693576182,0.9192882101411897,0.8619786915106682,0.9486599694730308
0.9446477018655496,0.9203882246011557,0.8630017945200985,0.948380795810556
0.9450100303118676,0.9193942551270979,0.8662006422545737,0.9487748062229939
0.9450277048702246,0.9162978610741349,0.8636533408465953,0.9486553942607268
0.9438479280998966,0.917143658370291,0.8616970968994994,0.9477456665527303
0.9451293335807771,0.9168043757393706,0.8612671959935262,0.9488282035363492
0.9438788585770213,0.9166209436679448,0.8595851841825134,0.9477504828456325
0.9446035154696572,0.9176766388634744,0.8598914666495192,0.9484020758454331
0.9440114177646987,0.9187538311560821,0.8621109416515269,0.9478946132909338
0.9448332847282979,0.9186617323138264,0.8633917588319823,0.9485816285408076
0.9443914207693735,0.9140705054011212,0.8596593150550789,0.9481622770325826
0.9449393320784397,0.9172918344923355,0.863739825043998,0.9486775829996988
0.9440865346377157,0.9132019946944568,0.8579030485439368,0.947854153826696
0.9453591028394178,0.9173795713215496,0.8627869400858569,0.9490763349493431
0.9450144489514568,0.9167004417694428,0.8625670820197087,0.9488009047318716
0.9449967743930998,0.9169230878212319,0.860545000633796,0.9487347598944302
0.9442102565462146,0.9153680522161423,0.8595387123480307,0.9480585380964901
0.945018867591046,0.9159022274210462,0.8639499129786177,0.9488823383702951
0.9448509592866549,0.920268771465366,0.863825661687755,0.9485667535944902
0.9439893245667524,0.9160250287676892,0.8595145108718605,0.9480060939299131
0.9455181738646306,0.9171301585894487,0.8633918540917582,0.9491500843999002
0.944926076159672,0.9167787670699322,0.8597337822286288,0.9486057794131554
0.9451911945350265,0.918115069277987,0.862507058801369,0.9489347432207419
0.9446211900280141,0.9181174282165757,0.8622747032934582,0.948350256112196
0.9443958394089628,0.9154162260597286,0.860850203556728,0.9481151775725113
0.9444930494799261,0.9188849492644715,0.8630437615662784,0.9483099402111063
0.9434900182931679,0.9137380738403514,0.8575040915327302,0.9473672190158834
0.9448156101699409,0.9187609066091974,0.8625412673824575,0.9484840660403256
0.9447007255406206,0.9166373382114867,0.8611022381191897,0.9485300197327798
0.9444090953277305,0.9208465963597032,0.8633282641308095,0.9482958959244631
0.9439230449729138,0.9194305452424654,0.8624699064111445,0.9478173056634354
0.9442411870233393,0.9135582197442954,0.8562994551856986,0.9480039951574597
0.9447139814593882,0.9187982742642712,0.8617869623052402,0.9484751156048387
0.9453767773977748,0.9172530465444538,0.8627020599679188,0.9491289589817262
0.9445504917945863,0.9156371550873998,0.8604455012979824,0.9482835061041675
0.9449923557535106,0.9166412887398195,0.8622677202991935,0.9486943228825409
0.9444223512464982,0.9155526711376384,0.8638729288834294,0.9481268199105909
0.9443649089318381,0.9138658934382582,0.8590689988079677,0.9482488904565904
0.9446256086676034,0.9168390340085973,0.8593495412396892,0.9484879856242274
0.9446521205051389,0.9175353692857567,0.8615067068076904,0.9483831810324018
0.9445814222717109,0.9163067109955033,0.8607906062240774,0.9483798197598904
0.9444842122007476,0.913978586454229,0.8604492737581976,0.9482206028608043
0.9446079341092465,0.9186712022121923,0.8621134758848037,0.9483503378135705
0.9443604902922488,0.9124746122079425,0.8578373360070107,0.9480047764966143
0.9444974681195154,0.9144160168267625,0.8560243172521764,0.9482061981840179
0.9445151426778723,0.9200905099764837,0.8631490990836387,0.9482054882125305
0.9452486368496867,0.9210869795288398,0.8642532222989017,0.948952541398987
